"firstname","lastname","age"
"Adrian","Allen","30"
"Brooke","Morgan","23"
"Sophia","Kelley","23"
"Sienna","Thomas","24"
"Albert","Sullivan","27"
"George","Harris","22"
"Ryan","Roberts","23"
"Amber","Perkins","26"
"Amy","Crawford","30"
"Blake","Miller","30"
"Michelle","Martin","29"
"Grace","Lloyd","26"
"Edith","Harrison","23"
"Naomi","Henderson","21"
"Lucas","Spencer","22"
"Briony","Gibson","25"
"Adrianna","Henderson","22"
"Lydia","Edwards","22"
"Chelsea","Ross","28"
"Alexander","Armstrong","30"
"Victor","Ellis","29"
"Jacob","Scott","24"
"Savana","Stevens","27"
"Justin","Rogers","30"
"Grace","Dixon","20"
"Chelsea","Dixon","18"
"Max","Bailey","23"
"Aiden","Carroll","23"
"Penelope","Murphy","21"
"Rafael","Baker","28"
"Adrianna","Watson","24"
"Kevin","Howard","21"
"Stuart","Murray","20"
"Emma","Moore","29"
"Sawyer","Carroll","28"
"Tony","Gibson","30"
"Amy","Cooper","21"
"Preston","Fowler","21"
"Adrianna","Robinson","26"
"Michelle","Murray","20"
"Alen","Grant","20"
"Oscar","Phillips","24"
"Bruce","Roberts","29"
"Robert","Martin","25"
"Rebecca","Rogers","27"
"Harold","Smith","20"
"Nicholas","Cooper","20"
"Michael","Johnston","18"
"Justin","Davis","25"
"Andrew","Walker","30"
"Luke","Owens","18"
"Julian","Richardson","23"
"Penelope","Crawford","24"
"Penelope","Montgomery","27"
"Lana","Martin","23"
"Charlie","Morris","26"
"James","Morgan","28"
"Tony","Johnston","28"
"Alan","Parker","18"
"Roman","Cunningham","19"
"Briony","Williams","26"
"Victoria","Evans","25"
"Cadie","Scott","22"
"Rebecca","Martin","29"
"Lucy","Crawford","24"
"Cherry","Cooper","19"
"Bruce","Montgomery","28"
"Clark","Harris","27"
"Thomas","Farrell","22"
"Luke","Bennett","24"
"Maddie","Carroll","29"
"Belinda","Jones","25"
"Carina","Cunningham","30"
"Andrew","Miller","27"
"Maya","Fowler","19"
"Ashton","Farrell","27"
"Abraham","Adams","30"
"Dominik","Baker","22"
"Isabella","Scott","28"
"Arthur","Howard","24"
"Sawyer","Wells","22"
"Lucas","Dixon","28"
"Kellan","Hill","30"
"Kirsten","Perkins","28"
"Naomi","Hall","25"
"John","Carroll","23"
"Sabrina","Chapman","24"
"Edwin","Crawford","22"
"Dale","Fowler","21"
"Cadie","Howard","24"
"Valeria","Payne","23"
"Edgar","Owens","29"
"Florrie","Gray","19"
"Abigail","Morgan","28"
"Eddy","Hill","27"
"Derek","Montgomery","25"
"Max","Roberts","29"
"Sarah","Russell","25"
"Belinda","Hawkins","21"
"Henry","Walker","21"
"Alisa","Hill","19"
"Ned","Perkins","20"
"Leonardo","Reed","28"
"Reid","Johnson","18"
"Walter","Perry","30"
"Fiona","Myers","30"
"Aida","Myers","28"
"Walter","Clark","30"
"Daryl","Cameron","21"
"Miley","Roberts","25"
"Lyndon","Nelson","24"
"Adelaide","Dixon","25"
"Samantha","Jones","23"
"Amelia","Edwards","24"
"Owen","Wells","22"
"Abigail","Kelly","30"
"Alissa","Henderson","30"
"Naomi","Wilson","29"
"Ned","Alexander","22"
"Jasmine","Douglas","20"
"Arthur","Murray","22"
"Rubie","Perry","27"
"Tiana","Harper","19"
"Rebecca","Holmes","23"
"Carl","Harris","25"
"Roland","Barrett","29"
"Jordan","Ryan","18"
"Steven","Stevens","23"
"Rosie","Martin","24"
"Julian","Roberts","22"
"Edward","Fowler","27"
"Chloe","Clark","25"
"Kimberly","Morris","24"
"Melissa","Payne","24"
"Natalie","Craig","26"
"Eddy","Wells","24"
"Connie","Murray","23"
"Abraham","Hunt","23"
"Maya","Farrell","24"
"Lucy","Edwards","27"
"Ted","Foster","30"
"Rubie","Higgins","30"
"Jordan","Andrews","21"
"Daryl","Rogers","22"
"Frederick","Owens","24"
"Daniel","Thompson","26"
"Joyce","Clark","22"
"Michael","Warren","23"
"Naomi","Mason","24"
"Adam","Edwards","26"
"Miranda","Brown","26"
"Alisa","Adams","29"
"Haris","Thomas","23"
"Henry","Bailey","27"
"Ellia","Gibson","22"
"Jessica","Rogers","30"
"Edgar","Roberts","25"
"Daryl","Phillips","22"
"Kevin","Martin","23"
"Agata","Higgins","19"
"Samantha","Elliott","27"
"Maddie","Johnson","19"
"Clark","Moore","26"
"Catherine","Ryan","20"
"Fenton","Hunt","26"
"Thomas","Carroll","21"
"Miranda","Stevens","27"
"Andrew","Fowler","19"
"Honey","Montgomery","26"
"William","Baker","20"
"Alina","Reed","28"
"Deanna","Richardson","25"
"Jared","Smith","20"
"Belinda","Owens","19"
"Joyce","Fowler","30"
"Reid","Higgins","26"
"Leonardo","Watson","28"
"Rosie","Murphy","21"
"Max","Brooks","19"
"Adelaide","Rogers","22"
"Blake","Edwards","30"
"Carina","Myers","27"
"Eric","Cunningham","20"
"Byron","Brooks","22"
"Blake","Farrell","23"
"Albert","Kelly","25"
"Stuart","Perkins","21"
"Chloe","Casey","18"
"Jenna","Watson","30"
"Eric","Henderson","26"
"Cadie","Dixon","19"
"Marcus","Johnston","26"
"Darcy","Ross","28"
"Connie","Russell","28"
"Melissa","Harrison","29"
"Blake","Johnson","23"
"Maria","Craig","18"
"Aldus","Foster","25"
"Nicholas","Miller","24"
"Adele","Russell","26"
